Insert into TFG_EXT_ASIGNATURAS (CODIGO,ID,NOMBRE) values ('A0001',1,'Trabajo Final de Grado');
Insert into TFG_EXT_ASIGNATURAS (CODIGO,ID,NOMBRE) values ('A0002',2,'Treball Fi Grau');
Insert into TFG_EXT_ASIGNATURAS (CODIGO,ID,NOMBRE) values ('A0003',3,'Treball Grau Final');
Insert into TFG_EXT_ASIGNATURAS (CODIGO,ID,NOMBRE) values ('B0004',4,'Grall Finu Treban');
Insert into TFG_EXT_ASIGNATURAS (CODIGO,ID,NOMBRE) values ('C0005',5,'Gran Final Trabado');

Insert into TFG_EXT_PERSONAS (ID,NOMBRE) values (1,'ADMINISTRADOR');
Insert into TFG_EXT_PERSONAS (ID,NOMBRE) values (2,'COORDINADOR');
Insert into TFG_EXT_PERSONAS (ID,NOMBRE) values (3,'PROFESOR 1');
Insert into TFG_EXT_PERSONAS (ID,NOMBRE) values (4,'PROFESOR 2');
Insert into TFG_EXT_PERSONAS (ID,NOMBRE) values (5,'PROFESOR 3');
Insert into TFG_EXT_PERSONAS (ID,NOMBRE) values (6,'ALUMNO 1');
Insert into TFG_EXT_PERSONAS (ID,NOMBRE) values (7,'ALUMNO 2');
Insert into TFG_EXT_PERSONAS (ID,NOMBRE) values (8,'ALUMNO 3');
Insert into TFG_EXT_PERSONAS (ID,NOMBRE) values (9,'ALUMNO 4');
Insert into TFG_EXT_PERSONAS (ID,NOMBRE) values (10,'ALUMNO 5');
Insert into TFG_EXT_PERSONAS (ID,NOMBRE) values (57277,'al014640');

Insert into TFG_EXT_ASIGNATURAS_PERSONAS (ASIGNATURA_ID,PERSONA_ID,TIPO_RELACION) values (1,3,'PROFESOR');
Insert into TFG_EXT_ASIGNATURAS_PERSONAS (ASIGNATURA_ID,PERSONA_ID,TIPO_RELACION) values (2,3,'PROFESOR');
Insert into TFG_EXT_ASIGNATURAS_PERSONAS (ASIGNATURA_ID,PERSONA_ID,TIPO_RELACION) values (4,3,'PROFESOR');
Insert into TFG_EXT_ASIGNATURAS_PERSONAS (ASIGNATURA_ID,PERSONA_ID,TIPO_RELACION) values (5,3,'PROFESOR');
Insert into TFG_EXT_ASIGNATURAS_PERSONAS (ASIGNATURA_ID,PERSONA_ID,TIPO_RELACION) values (2,4,'PROFESOR');
Insert into TFG_EXT_ASIGNATURAS_PERSONAS (ASIGNATURA_ID,PERSONA_ID,TIPO_RELACION) values (1,5,'PROFESOR');
Insert into TFG_EXT_ASIGNATURAS_PERSONAS (ASIGNATURA_ID,PERSONA_ID,TIPO_RELACION) values (2,5,'PROFESOR');
Insert into TFG_EXT_ASIGNATURAS_PERSONAS (ASIGNATURA_ID,PERSONA_ID,TIPO_RELACION) values (3,5,'PROFESOR');
Insert into TFG_EXT_ASIGNATURAS_PERSONAS (ASIGNATURA_ID,PERSONA_ID,TIPO_RELACION) values (1,57277,'COORDINADOR');
Insert into TFG_EXT_ASIGNATURAS_PERSONAS (ASIGNATURA_ID,PERSONA_ID,TIPO_RELACION) values (1,57277,'PROFESOR');
Insert into TFG_EXT_ASIGNATURAS_PERSONAS (ASIGNATURA_ID,PERSONA_ID,TIPO_RELACION) values (2,57277,'COORDINADOR');
Insert into TFG_EXT_ASIGNATURAS_PERSONAS (ASIGNATURA_ID,PERSONA_ID,TIPO_RELACION) values (2,57277,'PROFESOR');
Insert into TFG_EXT_ASIGNATURAS_PERSONAS (ASIGNATURA_ID,PERSONA_ID,TIPO_RELACION) values (3,57277,'COORDINADOR');
Insert into TFG_EXT_ASIGNATURAS_PERSONAS (ASIGNATURA_ID,PERSONA_ID,TIPO_RELACION) values (3,57277,'PROFESOR');
Insert into TFG_EXT_ASIGNATURAS_PERSONAS (ASIGNATURA_ID,PERSONA_ID,TIPO_RELACION) values (4,57277,'PROFESOR');

Insert into TFG_PROPUESTAS (ASIGNATURA_ID,BIBLIOGRAFIA,DESCRIPCION,ESPERA,FECHA_CREACION,ID,NOMBRE,OBJETIVOS,OBSERVACIONES,PERSONA_ID,PLAZAS) values (2,null,null,4,to_timestamp('28/05/14','DD/MM/RR HH24:MI:SSXFF'),34,'Propuesta1 Profesor1',null,null,57277,4);
Insert into TFG_PROPUESTAS (ASIGNATURA_ID,BIBLIOGRAFIA,DESCRIPCION,ESPERA,FECHA_CREACION,ID,NOMBRE,OBJETIVOS,OBSERVACIONES,PERSONA_ID,PLAZAS) values (3,null,null,5,to_timestamp('28/05/14','DD/MM/RR HH24:MI:SSXFF'),35,'Propuesta2 Profesor12',null,null,3,5);
