CREATE TABLE "UJI_TRABAJOFINGRADO"."TFG_ASIGNATURAS_CONFIG" 
(
  ASIGNATURA_ID NUMBER NOT NULL ENABLE,
  FECHA_LIMITE DATE,
  CONSTRAINT "TFG_ASIGNATURAS_CONFIG_PK" PRIMARY KEY ("ASIGNATURA_ID") ENABLE,
  CONSTRAINT "TFG_ASIGNATURAS_CONFIG_FK1" FOREIGN KEY ("ASIGNATURA_ID") REFERENCES "UJI_TRABAJOFINGRADO"."TFG_EXT_ASIGNATURAS" ("ID") ON DELETE CASCADE ENABLE 
);
INSERT INTO TFG_ASIGNATURAS_CONFIG (ASIGNATURA_ID, FECHA_LIMITE) VALUES (1,TO_DATE('18/06/2014', 'DD/MM/YYYY'));
INSERT INTO TFG_ASIGNATURAS_CONFIG (ASIGNATURA_ID, FECHA_LIMITE) VALUES (2,TO_DATE('14/05/2015', 'DD/MM/YYYY'));
INSERT INTO TFG_ASIGNATURAS_CONFIG (ASIGNATURA_ID, FECHA_LIMITE) VALUES (3,NULL);
INSERT INTO TFG_ASIGNATURAS_CONFIG (ASIGNATURA_ID, FECHA_LIMITE) VALUES (4,NULL);

INSERT INTO TFG_EXT_PERSONAS (ID, NOMBRE) VALUES (100, 'Usuario Prueba 1');
INSERT INTO TFG_EXT_PERSONAS (ID, NOMBRE) VALUES (101, 'Usuario Prueba 2');
INSERT INTO TFG_EXT_PERSONAS (ID, NOMBRE) VALUES (102, 'Usuario Prueba 3');
INSERT INTO TFG_EXT_PERSONAS (ID, NOMBRE) VALUES (103, 'Usuario Prueba 4');
INSERT INTO TFG_EXT_PERSONAS (ID, NOMBRE) VALUES (104, 'Usuario Prueba 5');
INSERT INTO TFG_EXT_PERSONAS (ID, NOMBRE) VALUES (105, 'Usuario Prueba 6');
INSERT INTO TFG_EXT_PERSONAS (ID, NOMBRE) VALUES (106, 'Usuario Prueba 7');
INSERT INTO TFG_EXT_PERSONAS (ID, NOMBRE) VALUES (107, 'Usuario Prueba 8');
INSERT INTO TFG_EXT_PERSONAS (ID, NOMBRE) VALUES (108, 'Usuario Prueba 9');
INSERT INTO TFG_EXT_PERSONAS (ID, NOMBRE) VALUES (109, 'Usuario Prueba 10');
INSERT INTO TFG_EXT_PERSONAS (ID, NOMBRE) VALUES (110, 'Usuario Prueba 11');
INSERT INTO TFG_EXT_PERSONAS (ID, NOMBRE) VALUES (111, 'Usuario Prueba 12');
INSERT INTO TFG_EXT_PERSONAS (ID, NOMBRE) VALUES (112, 'Usuario Prueba 13');
INSERT INTO TFG_EXT_PERSONAS (ID, NOMBRE) VALUES (113, 'Usuario Prueba 14');
INSERT INTO TFG_EXT_PERSONAS (ID, NOMBRE) VALUES (114, 'Usuario Prueba 15');
INSERT INTO TFG_EXT_PERSONAS (ID, NOMBRE) VALUES (115, 'Usuario Prueba 16');

INSERT INTO TFG_EXT_ASIGNATURAS_PERSONAS (PERSONA_ID, ASIGNATURA_ID, TIPO_RELACION, CREDITOS) VALUES (100,1,'ESTUDIANTE',0);
INSERT INTO TFG_EXT_ASIGNATURAS_PERSONAS (PERSONA_ID, ASIGNATURA_ID, TIPO_RELACION, CREDITOS) VALUES (100,2,'ESTUDIANTE',0);
INSERT INTO TFG_EXT_ASIGNATURAS_PERSONAS (PERSONA_ID, ASIGNATURA_ID, TIPO_RELACION, CREDITOS) VALUES (101,1,'ESTUDIANTE',0);
INSERT INTO TFG_EXT_ASIGNATURAS_PERSONAS (PERSONA_ID, ASIGNATURA_ID, TIPO_RELACION, CREDITOS) VALUES (102,1,'ESTUDIANTE',0);
INSERT INTO TFG_EXT_ASIGNATURAS_PERSONAS (PERSONA_ID, ASIGNATURA_ID, TIPO_RELACION, CREDITOS) VALUES (103,2,'ESTUDIANTE',0);
INSERT INTO TFG_EXT_ASIGNATURAS_PERSONAS (PERSONA_ID, ASIGNATURA_ID, TIPO_RELACION, CREDITOS) VALUES (104,2,'ESTUDIANTE',0);
INSERT INTO TFG_EXT_ASIGNATURAS_PERSONAS (PERSONA_ID, ASIGNATURA_ID, TIPO_RELACION, CREDITOS) VALUES (105,3,'ESTUDIANTE',0);
INSERT INTO TFG_EXT_ASIGNATURAS_PERSONAS (PERSONA_ID, ASIGNATURA_ID, TIPO_RELACION, CREDITOS) VALUES (106,3,'ESTUDIANTE',0);
INSERT INTO TFG_EXT_ASIGNATURAS_PERSONAS (PERSONA_ID, ASIGNATURA_ID, TIPO_RELACION, CREDITOS) VALUES (107,3,'ESTUDIANTE',0);
INSERT INTO TFG_EXT_ASIGNATURAS_PERSONAS (PERSONA_ID, ASIGNATURA_ID, TIPO_RELACION, CREDITOS) VALUES (108,3,'ESTUDIANTE',0);
INSERT INTO TFG_EXT_ASIGNATURAS_PERSONAS (PERSONA_ID, ASIGNATURA_ID, TIPO_RELACION, CREDITOS) VALUES (109,3,'ESTUDIANTE',0);
INSERT INTO TFG_EXT_ASIGNATURAS_PERSONAS (PERSONA_ID, ASIGNATURA_ID, TIPO_RELACION, CREDITOS) VALUES (110,3,'ESTUDIANTE',0);
INSERT INTO TFG_EXT_ASIGNATURAS_PERSONAS (PERSONA_ID, ASIGNATURA_ID, TIPO_RELACION, CREDITOS) VALUES (110,5,'ESTUDIANTE',0);
INSERT INTO TFG_EXT_ASIGNATURAS_PERSONAS (PERSONA_ID, ASIGNATURA_ID, TIPO_RELACION, CREDITOS) VALUES (111,5,'ESTUDIANTE',0);
INSERT INTO TFG_EXT_ASIGNATURAS_PERSONAS (PERSONA_ID, ASIGNATURA_ID, TIPO_RELACION, CREDITOS) VALUES (112,5,'ESTUDIANTE',0);
INSERT INTO TFG_EXT_ASIGNATURAS_PERSONAS (PERSONA_ID, ASIGNATURA_ID, TIPO_RELACION, CREDITOS) VALUES (113,5,'ESTUDIANTE',0);
INSERT INTO TFG_EXT_ASIGNATURAS_PERSONAS (PERSONA_ID, ASIGNATURA_ID, TIPO_RELACION, CREDITOS) VALUES (114,5,'ESTUDIANTE',0);
INSERT INTO TFG_EXT_ASIGNATURAS_PERSONAS (PERSONA_ID, ASIGNATURA_ID, TIPO_RELACION, CREDITOS) VALUES (115,5,'ESTUDIANTE',0);

UPDATE TFG_EXT_ASIGNATURAS SET matriculas = (SELECT count(*) FROM tfg_ext_asignaturas_personas WHERE asignatura_id = id and tipo_relacion = 'ESTUDIANTE');

CREATE TABLE "UJI_TRABAJOFINGRADO"."TFG_PERSONAS_PROPUESTAS" (
	PERSONA_ID NUMBER NOT NULL,
	ASIGNATURA_ID NUMBER NOT NULL,
	PROPUESTA_ID NUMBER NOT NULL,
	EDITOR_PERSONA_ID NUMBER DEFAULT NULL,
	FECHA_EDICION DATE DEFAULT NULL,
	ACEPTADA NUMBER(*,0) DEFAULT 0 NOT NULL,
	CONSTRAINT "TFG_PERSONAS_PROPUESTAS_PK1" PRIMARY KEY ("PERSONA_ID", "ASIGNATURA_ID") ENABLE,
	CONSTRAINT "TFG_PERSONAS_PROPUESTAS_FK1" FOREIGN KEY ("PERSONA_ID") REFERENCES "UJI_TRABAJOFINGRADO"."TFG_EXT_PERSONAS" ("ID") ON DELETE CASCADE,
	CONSTRAINT "TFG_PERSONAS_PROPUESTAS_FK2" FOREIGN KEY ("PROPUESTA_ID") REFERENCES "UJI_TRABAJOFINGRADO"."TFG_PROPUESTAS" ("ID") ON DELETE CASCADE,
	CONSTRAINT "TFG_PERSONAS_PROPUESTAS_FK3" FOREIGN KEY ("ASIGNATURA_ID") REFERENCES "UJI_TRABAJOFINGRADO"."TFG_EXT_ASIGNATURAS" ("ID") ON DELETE CASCADE,
	CONSTRAINT "TFG_PERSONAS_PROPUESTAS_FK4" FOREIGN KEY ("EDITOR_PERSONA_ID") REFERENCES "UJI_TRABAJOFINGRADO"."TFG_EXT_PERSONAS" ("ID") ON DELETE CASCADE
);

INSERT INTO "UJI_TRABAJOFINGRADO"."TFG_PERSONAS_PROPUESTAS" (PERSONA_ID, ASIGNATURA_ID, PROPUESTA_ID, FECHA_EDICION, ACEPTADA) VALUES (100, 1, 50, TO_DATE('23/06/14', 'DD/MM/RR'), 1)
INSERT INTO "UJI_TRABAJOFINGRADO"."TFG_PERSONAS_PROPUESTAS" (PERSONA_ID, ASIGNATURA_ID, PROPUESTA_ID, EDITOR_PERSONA_ID, FECHA_EDICION, ACEPTADA) VALUES (100, 2, 500, 57277, TO_DATE('23/06/14', 'DD/MM/RR'), 1)
INSERT INTO "UJI_TRABAJOFINGRADO"."TFG_PERSONAS_PROPUESTAS" (PERSONA_ID, ASIGNATURA_ID, PROPUESTA_ID, EDITOR_PERSONA_ID, FECHA_EDICION, ACEPTADA) VALUES (101, 1, 50, 57277, TO_DATE('23/06/14', 'DD/MM/RR'), 1)

DROP TABLE "TFG_SOLICITUDES";